<?xml version="1.0" encoding="UTF-8"?>
<manifest identifier="SCORM_BASIC_SAMPLE" version="1.2"
  xmlns="http://www.imsproject.org/xsd/imscp_rootv1p1p2"
  xmlns:adlcp="http://www.adlnet.org/xsd/adlcp_rootv1p2"
  xmlns:imsmd="http://www.imsglobal.org/xsd/imsmd_rootv1p2p1"
  xmlns:xsi="http://www.w3.org/2001/XMLSchema-instance"
  xsi:schemaLocation="http://www.imsproject.org/xsd/imscp_rootv1p1p2 imscp_rootv1p1p2.xsd
  http://www.imsglobal.org/xsd/imsmd_rootv1p2p1 imsmd_rootv1p2p1.xsd
  http://www.adlnet.org/xsd/adlcp_rootv1p2 adlcp_rootv1p2.xsd">
  <organizations default="ORG_BASIC">
    <organization identifier="ORG_BASIC">
      <title>SCORM Basic Sample</title>
      <item identifier="ITEM_BASIC" identifierref="RES_BASIC" isvisible="true">
        <title>Welcome Lesson</title>
      </item>
    </organization>
  </organizations>
  <resources>
    <resource identifier="RES_BASIC" type="webcontent" adlcp:scormtype="sco" href="index.html">
      <file href="index.html" />
    </resource>
  </resources>
</manifest>
